index,temperature,season
2019-03-10,-3.7,0
2019-04-02,-4.6,0
2019-04-03,-6.75,0
2019-04-04,-7.300000000000001,0
2019-04-05,-6.25,0
2019-04-30,-7.1,0
2019-10-09,-3.3499999999999996,0
2019-10-26,-5.449999999999999,0
2019-10-27,-6.95,0
2019-10-28,-8.7,0
2019-10-29,-10.2,0
2020-03-08,-17.2,0
2020-03-09,-14.1,0
2020-03-12,-13.05,0
2020-03-13,-20.0,0
2020-03-14,-21.2,0
2020-03-15,-12.05,0
2020-03-16,-7.75,0
2020-03-17,-13.7,0
2020-03-18,-13.1,0
2020-03-19,-13.0,0
2020-03-20,-7.949999999999999,0
2020-03-22,-3.0999999999999996,0
2020-03-23,-6.5,0
2020-03-24,-13.7,0
2020-03-25,-5.8,0
2020-03-26,-3.8,0
2020-03-27,-6.85,0
2020-03-28,-14.350000000000001,0
2020-03-29,-13.8,0
2020-03-30,-13.1,0
2020-03-31,-16.15,0
2020-04-01,-16.5,0
2020-04-02,-19.5,0
2020-04-03,-13.2,0
2020-04-04,-8.15,0
2020-04-05,-3.2,0
2020-04-06,-3.8,0
2020-04-07,-3.3,0
2020-04-08,-3.4000000000000004,0
2020-04-11,-6.55,0
2020-04-12,-9.0,0
2020-04-13,-5.05,0
2020-10-14,-3.0,0
2020-10-15,-4.449999999999999,0
2020-10-16,-6.25,0
2020-10-17,-6.1,0
2020-10-18,-5.85,0
2020-10-19,-4.5,0
2020-10-20,-4.45,0
2020-10-21,-5.15,0
2020-10-22,-7.1,0
2020-10-23,-6.4,0
2020-10-24,-4.45,0
2020-10-25,-4.2,0
2020-10-26,-3.25,0
2020-10-28,-4.9,0
2020-10-29,-4.5,0
2020-10-30,-6.25,0
2020-10-31,-6.65,0
2020-11-01,-7.75,0
2021-03-15,-5.75,0
2021-03-21,-6.800000000000001,0
2021-03-22,-12.4,0
2021-03-23,-11.850000000000001,0
2021-03-24,-7.85,0
2021-03-25,-12.85,0
2021-03-26,-9.0,0
2021-03-27,-3.7,0
2021-03-29,-10.350000000000001,0
2021-03-30,-11.5,0
2021-04-11,-7.4,0
2021-04-12,-3.25,0
2021-04-22,-3.45,0
2021-04-23,-5.15,0
2021-04-27,-8.55,0
2021-10-31,-3.3,0
2021-11-01,-4.05,0
2021-11-02,-3.75,0
2022-03-13,-17.7,0
2022-03-14,-15.950000000000001,0
2022-03-15,-9.85,0
2022-03-24,-6.0,0
2022-03-25,-13.399999999999999,0
2022-03-26,-10.850000000000001,0
2022-03-27,-3.9000000000000004,0
2022-03-28,-4.4,0
2022-04-01,-5.85,0
2022-04-10,-6.199999999999999,0
2022-04-11,-10.149999999999999,0
2022-04-12,-11.45,0
2022-04-13,-12.8,0
2022-04-14,-8.600000000000001,0
2022-04-18,-4.5,0
2022-11-02,-8.4,0
2022-11-03,-10.05,0
2022-11-04,-4.0,0
2022-11-05,-8.1,0
2022-11-06,-11.55,0
2023-03-12,-12.1,0
2023-03-13,-13.5,0
2023-03-14,-10.1,0
2023-03-15,-15.4,0
2023-03-16,-12.85,0
2023-03-17,-5.4,0
2023-03-19,-4.85,0
2023-03-20,-8.2,0
2023-03-21,-11.899999999999999,0
2023-03-22,-6.1,0
2023-03-23,-5.35,0
2023-03-24,-9.0,0
2023-03-25,-10.25,0
2023-03-26,-14.25,0
2023-03-27,-14.85,0
2023-03-28,-11.649999999999999,0
2023-03-30,-6.3999999999999995,0
2023-04-03,-5.25,0
2023-04-04,-3.75,0
2023-10-22,-4.45,0
2023-10-23,-7.550000000000001,0
2023-10-24,-6.65,0
2023-10-25,-5.25,0
2023-10-26,-4.449999999999999,0
2023-10-27,-4.25,0
2023-10-28,-4.7,0
2023-10-30,-4.4,0
2023-11-01,-4.3,0
2023-11-03,-3.4,0
2023-11-04,-3.55,0
2023-11-05,-4.15,0
2024-03-12,-3.65,0
2024-03-13,-4.45,0
2024-03-16,-5.05,0
2024-03-19,-12.2,0
2024-03-20,-14.35,0
2024-03-21,-12.8,0
2024-03-22,-13.3,0
2024-03-23,-9.05,0
2024-03-24,-5.1,0
2024-03-27,-6.5,0
2024-03-28,-6.75,0
2024-03-29,-7.8,0
2024-03-30,-5.1,0
2024-10-21,-3.3499999999999996,0
2019-07-01,10.75,1
2019-07-02,10.899999999999999,1
2019-07-03,12.3,1
2019-07-04,13.3,1
2019-07-08,11.85,1
2019-07-09,12.15,1
2019-08-06,10.85,1
2019-08-07,12.75,1
2019-08-09,12.2,1
2019-08-10,12.100000000000001,1
2019-08-11,13.7,1
2019-08-16,11.2,1
2019-08-17,9.95,1
2019-08-18,10.5,1
2019-08-19,10.25,1
2019-08-20,12.85,1
2019-08-25,13.8,1
2019-08-26,13.1,1
2019-08-27,12.649999999999999,1
2019-08-28,11.6,1
2019-08-29,10.649999999999999,1
2019-08-30,12.3,1
2019-08-31,10.55,1
2019-09-01,12.149999999999999,1
2019-09-02,11.850000000000001,1
2019-09-06,13.0,1
2019-09-07,11.850000000000001,1
2019-09-08,10.75,1
2019-09-09,8.45,1
2019-09-10,6.85,1
2019-09-11,11.6,1
2019-09-13,13.55,1
2019-09-14,12.9,1
2019-09-15,12.15,1
2019-09-16,13.600000000000001,1
2019-09-17,10.2,1
2019-09-18,10.25,1
2019-09-19,12.399999999999999,1
2019-09-20,12.0,1
2019-09-21,13.75,1
2019-09-23,11.65,1
2019-09-24,7.699999999999999,1
2019-09-25,4.6,1
2019-09-26,3.0999999999999996,1
2019-09-27,2.55,1
2019-09-28,1.5,1
2019-09-29,0.1,1
2019-09-30,0.04999999999999999,1
2019-10-01,4.4,1
2019-10-02,4.949999999999999,1
2019-10-03,5.55,1
2019-10-04,6.2,1
2019-10-05,7.800000000000001,1
2019-10-06,8.399999999999999,1
2019-10-07,8.850000000000001,1
2019-10-08,-1.1,1
2019-10-10,-0.7,1
2019-10-11,0.35,1
2019-10-12,6.65,1
2019-10-13,4.95,1
2019-10-14,1.35,1
2019-10-15,1.05,1
2019-10-16,4.65,1
2019-10-17,5.0,1
2019-10-18,4.0,1
2019-10-19,0.6,1
2019-10-20,0.05,1
2019-10-21,0.3,1
2019-10-22,1.25,1
2019-10-23,1.2,1
2019-10-24,3.5,1
2019-10-25,0.85,1
2019-10-30,-0.65,1
2019-10-31,1.3,1
2019-11-01,-1.2000000000000002,1
2019-11-02,-2.25,1
2019-11-03,-1.4500000000000002,1
2019-11-04,9.751362218699274,1
2019-11-05,9.751362218699274,1
2019-11-06,9.751362218699274,1
2019-11-07,9.751362218699274,1
2019-11-08,9.751362218699274,1
2019-11-09,9.751362218699274,1
2019-11-10,9.751362218699274,1
2019-11-11,9.751362218699274,1
2019-11-12,9.751362218699274,1
2019-11-13,9.751362218699274,1
2019-11-14,9.751362218699274,1
2019-11-15,9.751362218699274,1
2019-11-16,9.751362218699274,1
2019-11-17,9.751362218699274,1
2019-11-18,9.751362218699274,1
2019-11-19,9.751362218699274,1
2019-11-20,9.751362218699274,1
2019-11-21,9.751362218699274,1
2019-11-22,9.751362218699274,1
2019-11-23,9.751362218699274,1
2019-11-24,9.751362218699274,1
2019-11-25,9.751362218699274,1
2019-11-26,9.751362218699274,1
2019-11-27,9.751362218699274,1
2019-11-28,9.751362218699274,1
2019-11-29,9.751362218699274,1
2019-11-30,9.751362218699274,1
2019-12-01,9.751362218699274,1
2019-12-02,9.751362218699274,1
2019-12-03,9.751362218699274,1
2019-12-04,9.751362218699274,1
2019-12-05,9.751362218699274,1
2019-12-06,9.751362218699274,1
2019-12-07,9.751362218699274,1
2019-12-08,9.751362218699274,1
2019-12-09,9.751362218699274,1
2019-12-10,9.751362218699274,1
2019-12-11,9.751362218699274,1
2019-12-12,9.751362218699274,1
2019-12-13,9.751362218699274,1
2019-12-14,9.751362218699274,1
2019-12-15,9.751362218699274,1
2019-12-16,9.751362218699274,1
2019-12-17,9.751362218699274,1
2019-12-18,9.751362218699274,1
2019-12-19,9.751362218699274,1
2019-12-20,9.751362218699274,1
2019-12-21,9.751362218699274,1
2019-12-22,9.751362218699274,1
2019-12-23,9.751362218699274,1
2019-12-24,9.751362218699274,1
2019-12-25,9.751362218699274,1
2019-12-26,9.751362218699274,1
2019-12-27,9.751362218699274,1
2019-12-28,9.751362218699274,1
2019-12-29,9.751362218699274,1
2019-12-30,9.751362218699274,1
2019-12-31,9.751362218699274,1
2020-07-13,12.55,1
2020-08-12,11.5,1
2020-08-13,13.05,1
2020-08-22,13.55,1
2020-08-23,13.6,1
2020-08-26,13.3,1
2020-08-27,13.15,1
2020-08-29,11.8,1
2020-08-30,7.5,1
2020-08-31,10.5,1
2020-09-01,12.05,1
2020-09-02,9.2,1
2020-09-03,10.55,1
2020-09-04,11.45,1
2020-09-05,10.65,1
2020-09-06,8.55,1
2020-09-07,5.65,1
2020-09-08,10.4,1
2020-09-09,13.65,1
2020-09-10,13.05,1
2020-09-11,11.7,1
2020-09-12,7.050000000000001,1
2020-09-13,6.449999999999999,1
2020-09-14,4.75,1
2020-09-15,4.2,1
2020-09-16,3.3,1
2020-09-17,8.85,1
2020-09-21,9.85,1
2020-09-22,8.3,1
2020-09-24,11.95,1
2020-09-25,10.7,1
2020-09-26,8.2,1
2020-09-27,8.2,1
2020-09-28,13.15,1
2020-09-29,10.25,1
2020-09-30,6.75,1
2020-10-01,4.2,1
2020-10-02,6.9,1
2020-10-03,9.55,1
2020-10-05,9.2,1
2020-10-06,8.95,1
2020-10-07,6.4,1
2020-10-08,4.25,1
2020-10-09,3.05,1
2020-10-10,4.699999999999999,1
2020-10-11,2.0,1
2020-10-12,2.85,1
2020-10-13,0.55,1
2020-10-27,-1.7999999999999998,1
2020-11-02,9.751362218699274,1
2020-11-03,9.751362218699274,1
2020-11-04,9.751362218699274,1
2020-11-05,9.751362218699274,1
2020-11-06,9.751362218699274,1
2020-11-07,9.751362218699274,1
2020-11-08,9.751362218699274,1
2020-11-09,9.751362218699274,1
2020-11-10,9.751362218699274,1
2020-11-11,9.751362218699274,1
2020-11-12,9.751362218699274,1
2020-11-13,9.751362218699274,1
2020-11-14,9.751362218699274,1
2020-11-15,9.751362218699274,1
2020-11-16,9.751362218699274,1
2020-11-17,9.751362218699274,1
2020-11-18,9.751362218699274,1
2020-11-19,9.751362218699274,1
2020-11-20,9.751362218699274,1
2020-11-21,9.751362218699274,1
2020-11-22,9.751362218699274,1
2020-11-23,9.751362218699274,1
2020-11-24,9.751362218699274,1
2020-11-25,9.751362218699274,1
2020-11-26,9.751362218699274,1
2020-11-27,9.751362218699274,1
2020-11-28,9.751362218699274,1
2020-11-29,9.751362218699274,1
2020-11-30,9.751362218699274,1
2020-12-01,9.751362218699274,1
2020-12-02,9.751362218699274,1
2020-12-03,9.751362218699274,1
2020-12-04,9.751362218699274,1
2020-12-05,9.751362218699274,1
2020-12-06,9.751362218699274,1
2020-12-07,9.751362218699274,1
2020-12-08,9.751362218699274,1
2020-12-09,9.751362218699274,1
2020-12-10,9.751362218699274,1
2020-12-11,9.751362218699274,1
2020-12-12,9.751362218699274,1
2020-12-13,9.751362218699274,1
2020-12-14,9.751362218699274,1
2020-12-15,9.751362218699274,1
2020-12-16,9.751362218699274,1
2020-12-17,9.751362218699274,1
2020-12-18,9.751362218699274,1
2020-12-19,9.751362218699274,1
2020-12-20,9.751362218699274,1
2020-12-21,9.751362218699274,1
2020-12-22,9.751362218699274,1
2020-12-23,9.751362218699274,1
2020-12-24,9.751362218699274,1
2020-12-25,9.751362218699274,1
2020-12-26,9.751362218699274,1
2020-12-27,9.751362218699274,1
2020-12-28,9.751362218699274,1
2020-12-29,9.751362218699274,1
2020-12-30,9.751362218699274,1
2020-12-31,9.751362218699274,1
2021-07-04,13.5,1
2021-07-05,13.65,1
2021-07-16,12.6,1
2021-07-17,10.05,1
2021-07-18,13.100000000000001,1
2021-08-08,12.4,1
2021-08-11,13.1,1
2021-08-17,12.7,1
2021-08-20,12.7,1
2021-08-21,9.05,1
2021-08-22,10.55,1
2021-08-23,11.15,1
2021-08-24,12.1,1
2021-09-02,13.1,1
2021-09-03,12.6,1
2021-09-10,11.1,1
2021-09-12,13.649999999999999,1
2021-09-13,9.85,1
2021-09-14,12.7,1
2021-09-15,10.85,1
2021-09-16,4.449999999999999,1
2021-09-17,8.1,1
2021-09-18,8.55,1
2021-09-19,7.9,1
2021-09-20,7.65,1
2021-09-21,10.1,1
2021-09-22,13.600000000000001,1
2021-09-23,8.55,1
2021-09-24,7.45,1
2021-09-25,10.8,1
2021-09-26,9.7,1
2021-09-27,8.55,1
2021-09-28,9.649999999999999,1
2021-09-29,8.05,1
2021-09-30,9.7,1
2021-10-01,10.3,1
2021-10-02,10.2,1
2021-10-03,7.45,1
2021-10-04,4.6,1
2021-10-05,5.25,1
2021-10-06,4.9,1
2021-10-07,3.15,1
2021-10-08,4.949999999999999,1
2021-10-09,8.25,1
2021-10-10,9.05,1
2021-10-11,3.0,1
2021-10-12,2.8,1
2021-10-13,3.25,1
2021-10-14,2.55,1
2021-10-15,4.25,1
2021-10-16,5.449999999999999,1
2021-10-17,5.25,1
2021-10-18,1.4500000000000002,1
2021-10-19,1.05,1
2021-10-20,4.0,1
2021-10-21,1.0,1
2021-10-22,2.6,1
2021-10-23,3.55,1
2021-10-24,3.45,1
2021-10-25,5.15,1
2021-10-26,3.5,1
2021-10-27,1.8,1
2021-10-28,4.8,1
2021-10-29,1.75,1
2021-10-30,1.1,1
2021-11-03,-0.5,1
2021-11-04,1.65,1
2021-11-05,1.9,1
2021-11-06,-0.1,1
2021-11-07,-2.1500000000000004,1
2021-11-08,9.751362218699274,1
2021-11-09,9.751362218699274,1
2021-11-10,9.751362218699274,1
2021-11-11,9.751362218699274,1
2021-11-12,9.751362218699274,1
2021-11-13,9.751362218699274,1
2021-11-14,9.751362218699274,1
2021-11-15,9.751362218699274,1
2021-11-16,9.751362218699274,1
2021-11-17,9.751362218699274,1
2021-11-18,9.751362218699274,1
2021-11-19,9.751362218699274,1
2021-11-20,9.751362218699274,1
2021-11-21,9.751362218699274,1
2021-11-22,9.751362218699274,1
2021-11-23,9.751362218699274,1
2021-11-24,9.751362218699274,1
2021-11-25,9.751362218699274,1
2021-11-26,9.751362218699274,1
2021-11-27,9.751362218699274,1
2021-11-28,9.751362218699274,1
2021-11-29,9.751362218699274,1
2021-11-30,9.751362218699274,1
2021-12-01,9.751362218699274,1
2021-12-02,9.751362218699274,1
2021-12-03,9.751362218699274,1
2021-12-04,9.751362218699274,1
2021-12-05,9.751362218699274,1
2021-12-06,9.751362218699274,1
2021-12-07,9.751362218699274,1
2021-12-08,9.751362218699274,1
2021-12-09,9.751362218699274,1
2021-12-10,9.751362218699274,1
2021-12-11,9.751362218699274,1
2021-12-12,9.751362218699274,1
2021-12-13,9.751362218699274,1
2021-12-14,9.751362218699274,1
2021-12-15,9.751362218699274,1
2021-12-16,9.751362218699274,1
2021-12-17,9.751362218699274,1
2021-12-18,9.751362218699274,1
2021-12-19,9.751362218699274,1
2021-12-20,9.751362218699274,1
2021-12-21,9.751362218699274,1
2021-12-22,9.751362218699274,1
2021-12-23,9.751362218699274,1
2021-12-24,9.751362218699274,1
2021-12-25,9.751362218699274,1
2021-12-26,9.751362218699274,1
2021-12-27,9.751362218699274,1
2021-12-28,9.751362218699274,1
2021-12-29,9.751362218699274,1
2021-12-30,9.751362218699274,1
2021-12-31,9.751362218699274,1
2022-07-01,13.4,1
2022-07-22,13.1,1
2022-08-04,12.3,1
2022-08-05,13.95,1
2022-09-06,13.4,1
2022-09-07,11.05,1
2022-09-08,11.55,1
2022-09-09,9.5,1
2022-09-11,13.1,1
2022-09-12,10.0,1
2022-09-13,12.8,1
2022-09-14,11.95,1
2022-09-17,13.7,1
2022-09-18,12.8,1
2022-09-19,9.1,1
2022-09-20,8.4,1
2022-09-21,9.399999999999999,1
2022-09-22,12.45,1
2022-09-23,12.45,1
2022-09-24,10.100000000000001,1
2022-09-25,9.85,1
2022-09-26,11.95,1
2022-09-29,11.45,1
2022-09-30,10.55,1
2022-10-01,10.0,1
2022-10-03,10.2,1
2022-10-04,8.8,1
2022-10-05,3.3,1
2022-10-06,8.6,1
2022-10-07,11.45,1
2022-10-08,10.55,1
2022-10-09,13.399999999999999,1
2022-10-10,13.95,1
2022-10-11,6.4,1
2022-10-12,3.15,1
2022-10-13,4.8,1
2022-10-14,3.2,1
2022-10-15,-0.1,1
2022-10-16,2.8,1
2022-10-17,7.4,1
2022-10-18,11.25,1
2022-10-19,12.399999999999999,1
2022-10-20,13.25,1
2022-10-21,2.35,1
2022-10-22,-0.15000000000000002,1
2022-10-23,0.6499999999999999,1
2022-10-24,-1.1,1
2022-10-25,0.3,1
2022-10-26,0.8,1
2022-10-27,8.45,1
2022-10-28,5.05,1
2022-10-29,4.1,1
2022-10-30,8.350000000000001,1
2022-10-31,1.35,1
2022-11-01,-0.7,1
2022-11-07,9.751362218699274,1
2022-11-08,9.751362218699274,1
2022-11-09,9.751362218699274,1
2022-11-10,9.751362218699274,1
2022-11-11,9.751362218699274,1
2022-11-12,9.751362218699274,1
2022-11-13,9.751362218699274,1
2022-11-14,9.751362218699274,1
2022-11-15,9.751362218699274,1
2022-11-16,9.751362218699274,1
2022-11-17,9.751362218699274,1
2022-11-18,9.751362218699274,1
2022-11-19,9.751362218699274,1
2022-11-20,9.751362218699274,1
2022-11-21,9.751362218699274,1
2022-11-22,9.751362218699274,1
2022-11-23,9.751362218699274,1
2022-11-24,9.751362218699274,1
2022-11-25,9.751362218699274,1
2022-11-26,9.751362218699274,1
2022-11-27,9.751362218699274,1
2022-11-28,9.751362218699274,1
2022-11-29,9.751362218699274,1
2022-11-30,9.751362218699274,1
2022-12-01,9.751362218699274,1
2022-12-02,9.751362218699274,1
2022-12-03,9.751362218699274,1
2022-12-04,9.751362218699274,1
2022-12-05,9.751362218699274,1
2022-12-06,9.751362218699274,1
2022-12-07,9.751362218699274,1
2022-12-08,9.751362218699274,1
2022-12-09,9.751362218699274,1
2022-12-10,9.751362218699274,1
2022-12-11,9.751362218699274,1
2022-12-12,9.751362218699274,1
2022-12-13,9.751362218699274,1
2022-12-14,9.751362218699274,1
2022-12-15,9.751362218699274,1
2022-12-16,9.751362218699274,1
2022-12-17,9.751362218699274,1
2022-12-18,9.751362218699274,1
2022-12-19,9.751362218699274,1
2022-12-20,9.751362218699274,1
2022-12-21,9.751362218699274,1
2022-12-22,9.751362218699274,1
2022-12-23,9.751362218699274,1
2022-12-24,9.751362218699274,1
2022-12-25,9.751362218699274,1
2022-12-26,9.751362218699274,1
2022-12-27,9.751362218699274,1
2022-12-28,9.751362218699274,1
2022-12-29,9.751362218699274,1
2022-12-30,9.751362218699274,1
2022-12-31,9.751362218699274,1
2023-07-02,12.5,1
2023-07-03,13.5,1
2023-07-27,13.25,1
2023-08-09,12.850000000000001,1
2023-08-10,12.8,1
2023-08-11,12.9,1
2023-08-19,12.25,1
2023-09-03,13.05,1
2023-09-04,9.45,1
2023-09-05,11.3,1
2023-09-06,9.7,1
2023-09-07,9.9,1
2023-09-08,12.65,1
2023-09-09,12.65,1
2023-09-14,12.25,1
2023-09-15,13.5,1
2023-09-16,13.7,1
2023-09-17,13.100000000000001,1
2023-09-18,10.0,1
2023-09-19,9.95,1
2023-09-20,7.65,1
2023-09-21,13.399999999999999,1
2023-09-25,13.3,1
2023-09-27,12.850000000000001,1
2023-09-28,7.85,1
2023-09-29,7.5,1
2023-09-30,7.1,1
2023-10-01,7.3,1
2023-10-02,7.3,1
2023-10-03,7.65,1
2023-10-04,7.85,1
2023-10-05,0.5,1
2023-10-06,4.8,1
2023-10-07,10.25,1
2023-10-08,12.8,1
2023-10-09,12.15,1
2023-10-10,13.1,1
2023-10-11,11.100000000000001,1
2023-10-12,8.4,1
2023-10-13,5.300000000000001,1
2023-10-14,5.85,1
2023-10-15,5.550000000000001,1
2023-10-16,9.7,1
2023-10-17,7.05,1
2023-10-18,8.5,1
2023-10-19,12.7,1
2023-10-20,7.85,1
2023-10-21,-0.8,1
2023-10-29,-1.25,1
2023-10-31,-2.1500000000000004,1
2023-11-02,-1.9500000000000002,1
2023-11-06,9.751362218699274,1
2023-11-07,9.751362218699274,1
2023-11-08,9.751362218699274,1
2023-11-09,9.751362218699274,1
2023-11-10,9.751362218699274,1
2023-11-11,9.751362218699274,1
2023-11-12,9.751362218699274,1
2023-11-13,9.751362218699274,1
2023-11-14,9.751362218699274,1
2023-11-15,9.751362218699274,1
2023-11-16,9.751362218699274,1
2023-11-17,9.751362218699274,1
2023-11-18,9.751362218699274,1
2023-11-19,9.751362218699274,1
2023-11-20,9.751362218699274,1
2023-11-21,9.751362218699274,1
2023-11-22,9.751362218699274,1
2023-11-23,9.751362218699274,1
2023-11-24,9.751362218699274,1
2023-11-25,9.751362218699274,1
2023-11-26,9.751362218699274,1
2023-11-27,9.751362218699274,1
2023-11-28,9.751362218699274,1
2023-11-29,9.751362218699274,1
2023-11-30,9.751362218699274,1
2023-12-01,9.751362218699274,1
2023-12-02,9.751362218699274,1
2023-12-03,9.751362218699274,1
2023-12-04,9.751362218699274,1
2023-12-05,9.751362218699274,1
2023-12-06,9.751362218699274,1
2023-12-07,9.751362218699274,1
2023-12-08,9.751362218699274,1
2023-12-09,9.751362218699274,1
2023-12-10,9.751362218699274,1
2023-12-11,9.751362218699274,1
2023-12-12,9.751362218699274,1
2023-12-13,9.751362218699274,1
2023-12-14,9.751362218699274,1
2023-12-15,9.751362218699274,1
2023-12-16,9.751362218699274,1
2023-12-17,9.751362218699274,1
2023-12-18,9.751362218699274,1
2023-12-19,9.751362218699274,1
2023-12-20,9.751362218699274,1
2023-12-21,9.751362218699274,1
2023-12-22,9.751362218699274,1
2023-12-23,9.751362218699274,1
2023-12-24,9.751362218699274,1
2023-12-25,9.751362218699274,1
2023-12-26,9.751362218699274,1
2023-12-27,9.751362218699274,1
2023-12-28,9.751362218699274,1
2023-12-29,9.751362218699274,1
2023-12-30,9.751362218699274,1
2023-12-31,9.751362218699274,1
2024-08-22,12.7,1
2024-08-25,12.6,1
2024-08-30,13.4,1
2024-09-04,12.0,1
2024-09-05,13.6,1
2024-09-10,10.95,1
2024-09-11,12.05,1
2024-09-12,10.850000000000001,1
2024-09-13,9.45,1
2024-09-14,12.0,1
2024-09-15,9.8,1
2024-09-16,12.75,1
2024-09-18,12.7,1
2024-09-19,11.3,1
2024-09-20,9.8,1
2024-09-21,9.15,1
2024-09-22,12.5,1
2024-09-23,10.95,1
2024-09-26,11.149999999999999,1
2024-09-27,7.15,1
2024-09-28,8.25,1
2024-09-29,8.45,1
2024-09-30,7.050000000000001,1
2024-10-01,2.6,1
2024-10-02,1.65,1
2024-10-03,0.6,1
2024-10-04,4.4,1
2024-10-05,4.5,1
2024-10-06,8.5,1
2024-10-07,11.75,1
2024-10-08,13.3,1
2024-10-09,7.35,1
2024-10-10,5.0,1
2024-10-11,3.1,1
2024-10-12,2.25,1
2024-10-13,8.35,1
2024-10-14,9.85,1
2024-10-15,10.1,1
2024-10-16,6.050000000000001,1
2024-10-17,5.65,1
2024-10-18,4.199999999999999,1
2024-10-19,3.45,1
2024-10-20,0.44999999999999996,1
2024-10-22,-2.7,1
2024-10-23,2.5,1
2024-10-24,1.6,1
2024-10-25,0.2911616464658586,1
2019-05-09,14.399999999999999,2
2019-05-11,14.15,2
2019-05-12,14.75,2
2019-05-18,14.4,2
2019-05-19,15.850000000000001,2
2019-05-20,17.05,2
2019-05-21,17.55,2
2019-05-22,18.7,2
2019-05-26,15.3,2
2019-05-27,15.55,2
2019-05-28,22.6,2
2019-05-29,23.0,2
2019-06-02,16.2,2
2019-06-11,16.9,2
2019-06-12,20.299999999999997,2
2019-06-13,18.15,2
2019-06-14,14.4,2
2019-06-15,16.85,2
2019-06-16,18.7,2
2019-06-17,22.3,2
2019-06-18,17.35,2
2019-06-19,14.3,2
2019-06-20,17.299999999999997,2
2019-06-21,16.3,2
2019-06-22,14.15,2
2019-06-25,17.799999999999997,2
2019-06-26,16.950000000000003,2
2019-06-27,16.3,2
2019-06-28,14.1,2
2019-06-29,14.65,2
2019-06-30,18.299999999999997,2
2019-07-05,19.0,2
2019-07-06,19.75,2
2019-07-07,17.35,2
2019-07-10,14.0,2
2019-07-11,17.4,2
2019-07-12,17.0,2
2019-07-13,14.149999999999999,2
2019-07-14,16.950000000000003,2
2019-07-15,16.1,2
2019-07-16,19.45,2
2019-07-17,20.0,2
2019-07-18,16.450000000000003,2
2019-07-19,18.65,2
2019-07-20,17.95,2
2019-07-21,21.5,2
2019-07-22,23.9,2
2019-07-23,24.85,2
2019-07-24,18.85,2
2019-07-25,17.85,2
2019-07-26,18.35,2
2019-07-27,15.649999999999999,2
2019-07-28,15.350000000000001,2
2019-07-29,19.0,2
2019-07-30,14.0,2
2019-07-31,16.950000000000003,2
2019-08-01,18.950000000000003,2
2019-08-02,18.0,2
2019-08-03,16.0,2
2019-08-04,17.9,2
2019-08-05,16.05,2
2019-08-08,14.1,2
2019-08-12,15.649999999999999,2
2019-08-13,15.850000000000001,2
2019-08-14,17.200000000000003,2
2019-08-15,15.4,2
2019-08-21,18.700000000000003,2
2019-08-22,15.8,2
2019-08-23,14.5,2
2019-08-24,16.2,2
2019-09-03,14.399999999999999,2
2019-09-04,14.0,2
2019-09-05,14.8,2
2019-09-12,14.4,2
2019-09-22,14.25,2
2020-05-20,14.2,2
2020-05-24,14.3,2
2020-05-25,15.850000000000001,2
2020-05-26,14.9,2
2020-05-29,15.5,2
2020-05-30,19.2,2
2020-05-31,18.2,2
2020-06-02,15.649999999999999,2
2020-06-12,18.049999999999997,2
2020-06-13,18.3,2
2020-06-14,21.0,2
2020-06-15,17.35,2
2020-06-18,15.450000000000001,2
2020-06-19,18.049999999999997,2
2020-06-20,15.75,2
2020-06-21,18.2,2
2020-06-22,21.55,2
2020-06-23,19.0,2
2020-06-24,20.95,2
2020-06-25,17.5,2
2020-06-26,18.0,2
2020-06-27,14.25,2
2020-06-28,15.0,2
2020-06-29,16.450000000000003,2
2020-06-30,17.35,2
2020-07-01,15.75,2
2020-07-02,20.15,2
2020-07-03,19.35,2
2020-07-04,17.299999999999997,2
2020-07-05,14.8,2
2020-07-06,18.0,2
2020-07-07,19.7,2
2020-07-08,18.2,2
2020-07-09,18.65,2
2020-07-10,16.0,2
2020-07-11,18.799999999999997,2
2020-07-12,14.350000000000001,2
2020-07-14,14.05,2
2020-07-15,15.5,2
2020-07-16,16.3,2
2020-07-17,14.5,2
2020-07-18,14.05,2
2020-07-19,16.95,2
2020-07-20,17.35,2
2020-07-21,17.15,2
2020-07-22,18.75,2
2020-07-23,17.15,2
2020-07-24,16.3,2
2020-07-25,15.2,2
2020-07-26,19.1,2
2020-07-27,23.15,2
2020-07-28,23.35,2
2020-07-29,20.4,2
2020-07-30,19.3,2
2020-07-31,21.049999999999997,2
2020-08-01,21.9,2
2020-08-02,23.15,2
2020-08-03,21.200000000000003,2
2020-08-04,18.85,2
2020-08-05,20.5,2
2020-08-06,25.5,2
2020-08-07,19.85,2
2020-08-08,15.3,2
2020-08-09,16.200000000000003,2
2020-08-10,15.3,2
2020-08-11,14.55,2
2020-08-14,14.25,2
2020-08-15,14.25,2
2020-08-16,15.55,2
2020-08-17,22.549999999999997,2
2020-08-18,22.0,2
2020-08-19,18.95,2
2020-08-20,16.9,2
2020-08-21,16.45,2
2020-08-24,14.55,2
2020-08-25,15.2,2
2020-08-28,14.3,2
2020-09-18,14.75,2
2020-09-19,14.0,2
2020-09-20,14.15,2
2020-09-23,14.9,2
2020-10-04,15.0,2
2021-05-13,15.149999999999999,2
2021-05-22,14.7,2
2021-05-23,17.15,2
2021-05-27,15.25,2
2021-05-30,20.2,2
2021-05-31,18.799999999999997,2
2021-06-01,21.9,2
2021-06-02,22.0,2
2021-06-03,22.5,2
2021-06-04,19.950000000000003,2
2021-06-05,18.25,2
2021-06-10,14.5,2
2021-06-11,14.55,2
2021-06-12,17.1,2
2021-06-13,21.25,2
2021-06-14,21.8,2
2021-06-15,23.1,2
2021-06-16,16.200000000000003,2
2021-06-19,15.0,2
2021-06-21,18.15,2
2021-06-22,19.15,2
2021-06-23,16.700000000000003,2
2021-06-24,21.5,2
2021-06-25,22.8,2
2021-06-26,24.9,2
2021-06-27,23.450000000000003,2
2021-06-28,27.950000000000003,2
2021-06-29,28.700000000000003,2
2021-06-30,33.0,2
2021-07-01,32.0,2
2021-07-02,25.200000000000003,2
2021-07-03,19.8,2
2021-07-06,16.1,2
2021-07-07,22.0,2
2021-07-08,27.75,2
2021-07-09,24.65,2
2021-07-10,23.1,2
2021-07-11,19.25,2
2021-07-12,19.6,2
2021-07-13,20.9,2
2021-07-14,24.6,2
2021-07-15,21.299999999999997,2
2021-07-19,14.45,2
2021-07-20,15.0,2
2021-07-21,17.299999999999997,2
2021-07-22,17.35,2
2021-07-23,15.05,2
2021-07-24,15.25,2
2021-07-25,16.8,2
2021-07-26,19.05,2
2021-07-27,18.65,2
2021-07-28,19.65,2
2021-07-29,22.5,2
2021-07-30,21.45,2
2021-07-31,23.0,2
2021-08-01,26.299999999999997,2
2021-08-02,23.3,2
2021-08-03,20.6,2
2021-08-04,18.45,2
2021-08-05,17.25,2
2021-08-06,16.95,2
2021-08-07,15.100000000000001,2
2021-08-09,19.15,2
2021-08-10,14.05,2
2021-08-12,14.399999999999999,2
2021-08-13,22.4,2
2021-08-14,22.9,2
2021-08-15,18.75,2
2021-08-16,16.1,2
2021-08-18,15.4,2
2021-08-19,15.05,2
2021-08-25,16.4,2
2021-08-26,17.75,2
2021-08-27,15.95,2
2021-08-28,16.1,2
2021-08-29,18.299999999999997,2
2021-08-30,15.95,2
2021-08-31,14.8,2
2021-09-01,15.05,2
2021-09-04,14.9,2
2021-09-05,15.899999999999999,2
2021-09-06,16.4,2
2021-09-07,15.350000000000001,2
2021-09-08,15.649999999999999,2
2021-09-09,14.350000000000001,2
2021-09-11,14.3,2
2022-05-27,15.600000000000001,2
2022-06-01,15.1,2
2022-06-02,14.85,2
2022-06-03,16.85,2
2022-06-04,18.35,2
2022-06-05,17.2,2
2022-06-06,17.299999999999997,2
2022-06-07,17.4,2
2022-06-08,19.25,2
2022-06-09,16.15,2
2022-06-10,14.15,2
2022-06-11,17.0,2
2022-06-12,18.549999999999997,2
2022-06-13,20.55,2
2022-06-14,15.85,2
2022-06-15,16.6,2
2022-06-16,17.450000000000003,2
2022-06-17,14.649999999999999,2
2022-06-18,14.75,2
2022-06-19,16.45,2
2022-06-20,14.45,2
2022-06-21,16.65,2
2022-06-22,16.25,2
2022-06-23,14.55,2
2022-06-24,18.95,2
2022-06-25,18.7,2
2022-06-26,15.4,2
2022-06-27,14.600000000000001,2
2022-06-28,18.6,2
2022-06-29,17.1,2
2022-06-30,15.7,2
2022-07-02,16.0,2
2022-07-03,16.35,2
2022-07-04,17.2,2
2022-07-05,17.25,2
2022-07-06,18.85,2
2022-07-07,19.85,2
2022-07-08,18.25,2
2022-07-09,21.0,2
2022-07-10,15.65,2
2022-07-11,20.0,2
2022-07-12,20.15,2
2022-07-13,18.6,2
2022-07-14,19.25,2
2022-07-15,22.8,2
2022-07-16,19.65,2
2022-07-17,21.65,2
2022-07-18,24.85,2
2022-07-19,18.95,2
2022-07-20,19.25,2
2022-07-21,16.4,2
2022-07-23,16.4,2
2022-07-24,15.4,2
2022-07-25,16.7,2
2022-07-26,18.75,2
2022-07-27,20.35,2
2022-07-28,20.95,2
2022-07-29,17.5,2
2022-07-30,16.9,2
2022-07-31,17.6,2
2022-08-01,15.3,2
2022-08-02,16.0,2
2022-08-03,14.35,2
2022-08-06,17.55,2
2022-08-07,19.950000000000003,2
2022-08-08,14.8,2
2022-08-09,15.65,2
2022-08-10,21.4,2
2022-08-11,16.9,2
2022-08-12,14.149999999999999,2
2022-08-13,19.549999999999997,2
2022-08-14,20.95,2
2022-08-15,20.450000000000003,2
2022-08-16,19.35,2
2022-08-17,20.65,2
2022-08-18,21.65,2
2022-08-19,24.950000000000003,2
2022-08-20,23.65,2
2022-08-21,18.0,2
2022-08-22,18.95,2
2022-08-23,18.15,2
2022-08-24,20.0,2
2022-08-25,22.45,2
2022-08-26,22.799999999999997,2
2022-08-27,18.55,2
2022-08-28,15.8,2
2022-08-29,16.4,2
2022-08-30,19.799999999999997,2
2022-08-31,19.1,2
2022-09-01,15.95,2
2022-09-02,16.450000000000003,2
2022-09-03,18.7,2
2022-09-04,18.65,2
2022-09-05,16.25,2
2022-09-10,14.1,2
2022-09-15,14.65,2
2022-09-16,14.95,2
2022-09-27,16.4,2
2022-09-28,16.15,2
2022-10-02,14.95,2
2023-05-01,18.6,2
2023-05-02,17.3,2
2023-05-03,21.25,2
2023-05-04,22.15,2
2023-05-05,19.35,2
2023-05-07,14.350000000000001,2
2023-05-08,15.05,2
2023-05-10,16.450000000000003,2
2023-05-11,16.700000000000003,2
2023-05-12,20.5,2
2023-05-13,21.8,2
2023-05-14,21.950000000000003,2
2023-05-15,22.05,2
2023-05-16,14.5,2
2023-05-20,14.3,2
2023-05-21,16.05,2
2023-05-22,15.899999999999999,2
2023-05-26,16.85,2
2023-05-27,22.65,2
2023-05-28,22.450000000000003,2
2023-05-29,18.8,2
2023-05-30,17.75,2
2023-05-31,17.8,2
2023-06-01,17.049999999999997,2
2023-06-02,17.75,2
2023-06-03,17.4,2
2023-06-04,18.799999999999997,2
2023-06-05,18.200000000000003,2
2023-06-06,16.5,2
2023-06-07,20.6,2
2023-06-08,15.950000000000001,2
2023-06-09,19.65,2
2023-06-10,21.6,2
2023-06-11,20.700000000000003,2
2023-06-12,17.65,2
2023-06-13,17.5,2
2023-06-16,14.95,2
2023-06-17,15.600000000000001,2
2023-06-18,17.05,2
2023-06-22,16.950000000000003,2
2023-06-23,19.950000000000003,2
2023-06-24,20.35,2
2023-06-25,16.0,2
2023-06-26,16.15,2
2023-06-27,19.049999999999997,2
2023-06-28,21.450000000000003,2
2023-06-29,20.5,2
2023-06-30,22.0,2
2023-07-01,15.5,2
2023-07-04,16.549999999999997,2
2023-07-05,17.75,2
2023-07-06,18.0,2
2023-07-07,19.0,2
2023-07-08,22.549999999999997,2
2023-07-09,19.0,2
2023-07-10,17.4,2
2023-07-11,18.55,2
2023-07-12,21.55,2
2023-07-13,19.8,2
2023-07-14,16.9,2
2023-07-15,16.6,2
2023-07-16,18.9,2
2023-07-17,15.45,2
2023-07-18,19.0,2
2023-07-19,18.950000000000003,2
2023-07-20,19.9,2
2023-07-21,21.7,2
2023-07-22,20.25,2
2023-07-23,19.450000000000003,2
2023-07-24,23.65,2
2023-07-25,18.0,2
2023-07-26,14.5,2
2023-07-28,16.5,2
2023-07-29,18.4,2
2023-07-30,19.7,2
2023-07-31,18.1,2
2023-08-01,16.15,2
2023-08-02,16.1,2
2023-08-03,15.8,2
2023-08-04,17.1,2
2023-08-05,18.45,2
2023-08-06,16.5,2
2023-08-07,15.45,2
2023-08-08,15.3,2
2023-08-12,15.25,2
2023-08-13,21.1,2
2023-08-14,19.0,2
2023-08-15,14.65,2
2023-08-16,15.55,2
2023-08-17,17.75,2
2023-08-18,14.149999999999999,2
2023-08-20,16.95,2
2023-08-21,16.15,2
2023-08-22,16.6,2
2023-08-23,17.35,2
2023-08-24,15.05,2
2023-08-25,16.85,2
2023-08-26,19.2,2
2023-08-27,17.9,2
2023-08-28,18.9,2
2023-08-29,19.1,2
2023-08-30,22.8,2
2023-08-31,20.35,2
2023-09-01,18.55,2
2023-09-02,16.35,2
2023-09-10,15.2,2
2023-09-11,17.4,2
2023-09-12,15.65,2
2023-09-13,14.55,2
2023-09-22,14.35,2
2023-09-23,16.75,2
2023-09-24,16.05,2
2023-09-26,14.85,2
2024-05-09,15.0,2
2024-05-10,19.9,2
2024-05-13,14.35,2
2024-05-14,14.6,2
2024-05-26,15.4,2
2024-05-27,15.9,2
2024-05-28,17.8,2
2024-05-29,15.15,2
2024-06-11,15.5,2
2024-06-12,14.5,2
2024-06-13,14.0,2
2024-06-14,15.5,2
2024-06-19,15.1,2
2024-06-20,18.5,2
2024-06-21,20.6,2
2024-06-22,21.65,2
2024-06-23,17.1,2
2024-06-24,16.2,2
2024-06-25,15.3,2
2024-06-26,18.85,2
2024-06-27,17.200000000000003,2
2024-06-28,15.05,2
2024-06-29,19.35,2
2024-06-30,21.700000000000003,2
2024-07-01,19.7,2
2024-07-02,20.25,2
2024-07-03,18.95,2
2024-07-04,21.05,2
2024-07-05,20.15,2
2024-07-06,19.35,2
2024-07-07,22.3,2
2024-07-08,24.5,2
2024-07-09,22.95,2
2024-07-10,26.799999999999997,2
2024-07-11,22.799999999999997,2
2024-07-12,14.95,2
2024-07-13,15.15,2
2024-07-14,17.4,2
2024-07-15,21.9,2
2024-07-16,23.35,2
2024-07-17,26.15,2
2024-07-18,24.95,2
2024-07-19,23.05,2
2024-07-20,21.35,2
2024-07-21,23.299999999999997,2
2024-07-22,23.5,2
2024-07-23,21.25,2
2024-07-24,17.15,2
2024-07-25,14.95,2
2024-07-26,14.399999999999999,2
2024-07-27,15.0,2
2024-07-28,20.65,2
2024-07-29,20.95,2
2024-07-30,19.75,2
2024-07-31,18.85,2
2024-08-01,18.05,2
2024-08-02,17.85,2
2024-08-03,15.3,2
2024-08-04,16.4,2
2024-08-05,15.799999999999999,2
2024-08-06,15.45,2
2024-08-07,16.2,2
2024-08-08,17.15,2
2024-08-09,18.65,2
2024-08-10,20.45,2
2024-08-11,22.2,2
2024-08-12,22.3,2
2024-08-13,20.05,2
2024-08-14,17.4,2
2024-08-15,17.15,2
2024-08-16,14.149999999999999,2
2024-08-17,14.25,2
2024-08-18,14.7,2
2024-08-19,14.0,2
2024-08-20,17.75,2
2024-08-21,15.850000000000001,2
2024-08-23,20.05,2
2024-08-24,17.35,2
2024-08-26,15.149999999999999,2
2024-08-27,17.9,2
2024-08-28,15.55,2
2024-08-29,15.0,2
2024-08-31,14.05,2
2024-09-01,19.55,2
2024-09-02,20.85,2
2024-09-03,14.100000000000001,2
2024-09-06,15.5,2
2024-09-07,17.15,2
2024-09-08,19.200000000000003,2
2024-09-09,15.8,2
2024-09-17,14.0,2
2024-09-24,14.600000000000001,2
2024-09-25,14.25,2
2019-03-11,2.45,3
2019-03-12,2.75,3
2019-03-13,-0.44999999999999996,3
2019-03-14,-1.85,3
2019-03-15,1.6,3
2019-03-16,-1.4,3
2019-03-17,4.35,3
2019-03-18,6.5,3
2019-03-19,8.100000000000001,3
2019-03-20,8.5,3
2019-03-21,6.1,3
2019-03-22,6.95,3
2019-03-23,1.85,3
2019-03-24,-0.15,3
2019-03-25,0.9,3
2019-03-26,2.3499999999999996,3
2019-03-27,1.0,3
2019-03-28,1.85,3
2019-03-29,0.19999999999999998,3
2019-03-30,1.6,3
2019-03-31,1.5499999999999998,3
2019-04-01,2.4,3
2019-04-06,0.0,3
2019-04-07,0.25,3
2019-04-08,1.2,3
2019-04-09,3.0,3
2019-04-10,5.199999999999999,3
2019-04-11,5.85,3
2019-04-12,5.65,3
2019-04-13,6.55,3
2019-04-14,7.050000000000001,3
2019-04-15,3.75,3
2019-04-16,5.2,3
2019-04-17,7.75,3
2019-04-18,10.149999999999999,3
2019-04-19,10.0,3
2019-04-20,7.15,3
2019-04-21,6.75,3
2019-04-22,11.399999999999999,3
2019-04-23,11.2,3
2019-04-24,7.35,3
2019-04-25,4.95,3
2019-04-26,0.2,3
2019-04-27,1.55,3
2019-04-28,3.25,3
2019-04-29,-0.15000000000000002,3
2019-05-01,-1.55,3
2019-05-02,1.65,3
2019-05-03,-0.3,3
2019-05-04,-1.4500000000000002,3
2019-05-05,2.65,3
2019-05-06,2.95,3
2019-05-07,5.1,3
2019-05-08,9.2,3
2019-05-10,9.2,3
2019-05-13,8.350000000000001,3
2019-05-14,6.8,3
2019-05-15,6.75,3
2019-05-16,7.35,3
2019-05-17,12.8,3
2019-05-23,12.6,3
2019-05-24,13.9,3
2019-05-25,12.35,3
2019-05-30,12.149999999999999,3
2019-05-31,13.8,3
2019-06-01,13.149999999999999,3
2019-06-03,11.55,3
2019-06-04,10.2,3
2019-06-05,11.75,3
2019-06-06,9.4,3
2019-06-07,7.55,3
2019-06-08,8.0,3
2019-06-09,9.600000000000001,3
2019-06-10,12.399999999999999,3
2019-06-23,13.45,3
2019-06-24,13.55,3
2020-01-01,9.751362218699274,3
2020-01-02,9.751362218699274,3
2020-01-03,9.751362218699274,3
2020-01-04,9.751362218699274,3
2020-01-05,9.751362218699274,3
2020-01-06,9.751362218699274,3
2020-01-07,9.751362218699274,3
2020-01-08,9.751362218699274,3
2020-01-09,9.751362218699274,3
2020-01-10,9.751362218699274,3
2020-01-11,9.751362218699274,3
2020-01-12,9.751362218699274,3
2020-01-13,9.751362218699274,3
2020-01-14,9.751362218699274,3
2020-01-15,9.751362218699274,3
2020-01-16,9.751362218699274,3
2020-01-17,9.751362218699274,3
2020-01-18,9.751362218699274,3
2020-01-19,9.751362218699274,3
2020-01-20,9.751362218699274,3
2020-01-21,9.751362218699274,3
2020-01-22,9.751362218699274,3
2020-01-23,9.751362218699274,3
2020-01-24,9.751362218699274,3
2020-01-25,9.751362218699274,3
2020-01-26,9.751362218699274,3
2020-01-27,9.751362218699274,3
2020-01-28,9.751362218699274,3
2020-01-29,9.751362218699274,3
2020-01-30,9.751362218699274,3
2020-01-31,9.751362218699274,3
2020-02-01,9.751362218699274,3
2020-02-02,9.751362218699274,3
2020-02-03,9.751362218699274,3
2020-02-04,9.751362218699274,3
2020-02-05,9.751362218699274,3
2020-02-06,9.751362218699274,3
2020-02-07,9.751362218699274,3
2020-02-08,9.751362218699274,3
2020-02-09,9.751362218699274,3
2020-02-10,9.751362218699274,3
2020-02-11,9.751362218699274,3
2020-02-12,9.751362218699274,3
2020-02-13,9.751362218699274,3
2020-02-14,9.751362218699274,3
2020-02-15,9.751362218699274,3
2020-02-16,9.751362218699274,3
2020-02-17,9.751362218699274,3
2020-02-18,9.751362218699274,3
2020-02-19,9.751362218699274,3
2020-02-20,9.751362218699274,3
2020-02-21,9.751362218699274,3
2020-02-22,9.751362218699274,3
2020-02-23,9.751362218699274,3
2020-02-24,9.751362218699274,3
2020-02-25,9.751362218699274,3
2020-02-26,9.751362218699274,3
2020-02-27,9.751362218699274,3
2020-02-28,9.751362218699274,3
2020-02-29,9.751362218699274,3
2020-03-01,9.751362218699274,3
2020-03-02,9.751362218699274,3
2020-03-03,9.751362218699274,3
2020-03-04,9.751362218699274,3
2020-03-05,9.751362218699274,3
2020-03-06,9.751362218699274,3
2020-03-07,9.751362218699274,3
2020-03-10,-2.7,3
2020-03-11,-2.95,3
2020-03-21,-2.75,3
2020-04-09,2.75,3
2020-04-10,-1.8,3
2020-04-14,-1.1,3
2020-04-15,-2.45,3
2020-04-16,6.1,3
2020-04-17,5.6,3
2020-04-18,2.45,3
2020-04-19,4.25,3
2020-04-20,0.7,3
2020-04-21,2.35,3
2020-04-22,7.05,3
2020-04-23,3.95,3
2020-04-24,4.65,3
2020-04-25,13.25,3
2020-04-26,0.9,3
2020-04-27,5.449999999999999,3
2020-04-28,10.75,3
2020-04-29,13.2,3
2020-04-30,12.2,3
2020-05-01,7.050000000000001,3
2020-05-02,3.25,3
2020-05-03,7.8500000000000005,3
2020-05-04,11.8,3
2020-05-05,11.350000000000001,3
2020-05-06,13.399999999999999,3
2020-05-07,12.9,3
2020-05-08,8.4,3
2020-05-09,4.199999999999999,3
2020-05-10,5.550000000000001,3
2020-05-11,6.95,3
2020-05-12,11.55,3
2020-05-13,9.8,3
2020-05-14,0.0,3
2020-05-15,7.8,3
2020-05-16,11.1,3
2020-05-17,9.15,3
2020-05-18,10.5,3
2020-05-19,9.6,3
2020-05-21,6.300000000000001,3
2020-05-22,4.5,3
2020-05-23,5.699999999999999,3
2020-05-27,10.649999999999999,3
2020-05-28,12.9,3
2020-06-01,12.0,3
2020-06-03,11.3,3
2020-06-04,9.75,3
2020-06-05,13.25,3
2020-06-06,10.65,3
2020-06-07,7.3,3
2020-06-08,7.55,3
2020-06-09,11.05,3
2020-06-10,10.6,3
2020-06-11,12.1,3
2020-06-16,13.15,3
2020-06-17,12.05,3
2021-01-01,9.751362218699274,3
2021-01-02,9.751362218699274,3
2021-01-03,9.751362218699274,3
2021-01-04,9.751362218699274,3
2021-01-05,9.751362218699274,3
2021-01-06,9.751362218699274,3
2021-01-07,9.751362218699274,3
2021-01-08,9.751362218699274,3
2021-01-09,9.751362218699274,3
2021-01-10,9.751362218699274,3
2021-01-11,9.751362218699274,3
2021-01-12,9.751362218699274,3
2021-01-13,9.751362218699274,3
2021-01-14,9.751362218699274,3
2021-01-15,9.751362218699274,3
2021-01-16,9.751362218699274,3
2021-01-17,9.751362218699274,3
2021-01-18,9.751362218699274,3
2021-01-19,9.751362218699274,3
2021-01-20,9.751362218699274,3
2021-01-21,9.751362218699274,3
2021-01-22,9.751362218699274,3
2021-01-23,9.751362218699274,3
2021-01-24,9.751362218699274,3
2021-01-25,9.751362218699274,3
2021-01-26,9.751362218699274,3
2021-01-27,9.751362218699274,3
2021-01-28,9.751362218699274,3
2021-01-29,9.751362218699274,3
2021-01-30,9.751362218699274,3
2021-01-31,9.751362218699274,3
2021-02-01,9.751362218699274,3
2021-02-02,9.751362218699274,3
2021-02-03,9.751362218699274,3
2021-02-04,9.751362218699274,3
2021-02-05,9.751362218699274,3
2021-02-06,9.751362218699274,3
2021-02-07,9.751362218699274,3
2021-02-08,9.751362218699274,3
2021-02-09,9.751362218699274,3
2021-02-10,9.751362218699274,3
2021-02-11,9.751362218699274,3
2021-02-12,9.751362218699274,3
2021-02-13,9.751362218699274,3
2021-02-14,9.751362218699274,3
2021-02-15,9.751362218699274,3
2021-02-16,9.751362218699274,3
2021-02-17,9.751362218699274,3
2021-02-18,9.751362218699274,3
2021-02-19,9.751362218699274,3
2021-02-20,9.751362218699274,3
2021-02-21,9.751362218699274,3
2021-02-22,9.751362218699274,3
2021-02-23,9.751362218699274,3
2021-02-24,9.751362218699274,3
2021-02-25,9.751362218699274,3
2021-02-26,9.751362218699274,3
2021-02-27,9.751362218699274,3
2021-02-28,9.751362218699274,3
2021-03-01,9.751362218699274,3
2021-03-02,9.751362218699274,3
2021-03-03,9.751362218699274,3
2021-03-04,9.751362218699274,3
2021-03-05,9.751362218699274,3
2021-03-06,9.751362218699274,3
2021-03-07,9.751362218699274,3
2021-03-08,9.751362218699274,3
2021-03-09,9.751362218699274,3
2021-03-10,9.751362218699274,3
2021-03-11,9.751362218699274,3
2021-03-12,9.751362218699274,3
2021-03-13,9.751362218699274,3
2021-03-14,3.7,3
2021-03-16,-0.05,3
2021-03-17,3.35,3
2021-03-18,5.35,3
2021-03-19,5.1,3
2021-03-20,2.25,3
2021-03-28,3.5,3
2021-03-31,2.5,3
2021-04-01,6.05,3
2021-04-02,3.35,3
2021-04-03,1.9,3
2021-04-04,2.6,3
2021-04-05,3.15,3
2021-04-06,5.15,3
2021-04-07,5.2,3
2021-04-08,-1.2999999999999998,3
2021-04-09,2.8499999999999996,3
2021-04-10,-1.7,3
2021-04-13,4.5,3
2021-04-14,8.0,3
2021-04-15,7.6,3
2021-04-16,10.4,3
2021-04-17,5.1,3
2021-04-18,-0.30000000000000004,3
2021-04-19,1.4,3
2021-04-20,7.4,3
2021-04-21,5.800000000000001,3
2021-04-24,-2.0999999999999996,3
2021-04-25,-0.35,3
2021-04-26,-1.25,3
2021-04-28,-1.4,3
2021-04-29,2.9,3
2021-04-30,9.899999999999999,3
2021-05-01,7.05,3
2021-05-02,0.4,3
2021-05-03,1.4,3
2021-05-04,6.0,3
2021-05-05,8.75,3
2021-05-06,10.850000000000001,3
2021-05-07,10.25,3
2021-05-08,9.75,3
2021-05-09,12.55,3
2021-05-10,13.55,3
2021-05-11,9.8,3
2021-05-12,11.6,3
2021-05-14,10.9,3
2021-05-15,13.4,3
2021-05-16,11.9,3
2021-05-17,11.350000000000001,3
2021-05-18,5.45,3
2021-05-19,0.8,3
2021-05-20,4.199999999999999,3
2021-05-21,9.55,3
2021-05-24,12.7,3
2021-05-25,5.9,3
2021-05-26,13.55,3
2021-05-28,10.1,3
2021-05-29,13.100000000000001,3
2021-06-06,13.0,3
2021-06-07,10.0,3
2021-06-08,13.100000000000001,3
2021-06-09,13.1,3
2021-06-17,10.7,3
2021-06-18,13.05,3
2021-06-20,11.7,3
2022-01-01,9.751362218699274,3
2022-01-02,9.751362218699274,3
2022-01-03,9.751362218699274,3
2022-01-04,9.751362218699274,3
2022-01-05,9.751362218699274,3
2022-01-06,9.751362218699274,3
2022-01-07,9.751362218699274,3
2022-01-08,9.751362218699274,3
2022-01-09,9.751362218699274,3
2022-01-10,9.751362218699274,3
2022-01-11,9.751362218699274,3
2022-01-12,9.751362218699274,3
2022-01-13,9.751362218699274,3
2022-01-14,9.751362218699274,3
2022-01-15,9.751362218699274,3
2022-01-16,9.751362218699274,3
2022-01-17,9.751362218699274,3
2022-01-18,9.751362218699274,3
2022-01-19,9.751362218699274,3
2022-01-20,9.751362218699274,3
2022-01-21,9.751362218699274,3
2022-01-22,9.751362218699274,3
2022-01-23,9.751362218699274,3
2022-01-24,9.751362218699274,3
2022-01-25,9.751362218699274,3
2022-01-26,9.751362218699274,3
2022-01-27,9.751362218699274,3
2022-01-28,9.751362218699274,3
2022-01-29,9.751362218699274,3
2022-01-30,9.751362218699274,3
2022-01-31,9.751362218699274,3
2022-02-01,9.751362218699274,3
2022-02-02,9.751362218699274,3
2022-02-03,9.751362218699274,3
2022-02-04,9.751362218699274,3
2022-02-05,9.751362218699274,3
2022-02-06,9.751362218699274,3
2022-02-07,9.751362218699274,3
2022-02-08,9.751362218699274,3
2022-02-09,9.751362218699274,3
2022-02-10,9.751362218699274,3
2022-02-11,9.751362218699274,3
2022-02-12,9.751362218699274,3
2022-02-13,9.751362218699274,3
2022-02-14,9.751362218699274,3
2022-02-15,9.751362218699274,3
2022-02-16,9.751362218699274,3
2022-02-17,9.751362218699274,3
2022-02-18,9.751362218699274,3
2022-02-19,9.751362218699274,3
2022-02-20,9.751362218699274,3
2022-02-21,9.751362218699274,3
2022-02-22,9.751362218699274,3
2022-02-23,9.751362218699274,3
2022-02-24,9.751362218699274,3
2022-02-25,9.751362218699274,3
2022-02-26,9.751362218699274,3
2022-02-27,9.751362218699274,3
2022-02-28,9.751362218699274,3
2022-03-01,9.751362218699274,3
2022-03-02,9.751362218699274,3
2022-03-03,9.751362218699274,3
2022-03-04,9.751362218699274,3
2022-03-05,9.751362218699274,3
2022-03-06,9.751362218699274,3
2022-03-07,9.751362218699274,3
2022-03-08,9.751362218699274,3
2022-03-09,9.751362218699274,3
2022-03-10,9.751362218699274,3
2022-03-11,9.751362218699274,3
2022-03-12,9.751362218699274,3
2022-03-16,-2.8,3
2022-03-17,3.85,3
2022-03-18,2.1,3
2022-03-19,1.05,3
2022-03-20,2.55,3
2022-03-21,1.7,3
2022-03-22,2.8,3
2022-03-23,5.199999999999999,3
2022-03-29,2.2,3
2022-03-30,4.0,3
2022-03-31,0.25,3
2022-04-02,-1.9,3
2022-04-03,2.8,3
2022-04-04,5.75,3
2022-04-05,2.75,3
2022-04-06,2.15,3
2022-04-07,4.85,3
2022-04-08,8.1,3
2022-04-09,1.2999999999999998,3
2022-04-15,-2.9000000000000004,3
2022-04-16,0.15000000000000002,3
2022-04-17,-1.0,3
2022-04-19,-0.95,3
2022-04-20,-1.1,3
2022-04-21,4.75,3
2022-04-22,8.2,3
2022-04-23,7.300000000000001,3
2022-04-24,5.2,3
2022-04-25,6.4,3
2022-04-26,7.15,3
2022-04-27,6.35,3
2022-04-28,5.050000000000001,3
2022-04-29,4.65,3
2022-04-30,1.35,3
2022-05-01,7.0,3
2022-05-02,2.8,3
2022-05-03,3.25,3
2022-05-04,8.7,3
2022-05-05,10.95,3
2022-05-06,7.0,3
2022-05-07,6.35,3
2022-05-08,2.75,3
2022-05-09,0.8,3
2022-05-10,0.2,3
2022-05-11,7.4,3
2022-05-12,12.45,3
2022-05-13,13.65,3
2022-05-14,10.9,3
2022-05-15,10.899999999999999,3
2022-05-16,9.8,3
2022-05-17,7.5,3
2022-05-18,11.4,3
2022-05-19,9.1,3
2022-05-20,7.5,3
2022-05-21,12.2,3
2022-05-22,10.2,3
2022-05-23,9.05,3
2022-05-24,6.300000000000001,3
2022-05-25,11.05,3
2022-05-26,10.399999999999999,3
2022-05-28,12.95,3
2022-05-29,11.649999999999999,3
2022-05-30,11.8,3
2022-05-31,13.0,3
2023-01-01,9.751362218699274,3
2023-01-02,9.751362218699274,3
2023-01-03,9.751362218699274,3
2023-01-04,9.751362218699274,3
2023-01-05,9.751362218699274,3
2023-01-06,9.751362218699274,3
2023-01-07,9.751362218699274,3
2023-01-08,9.751362218699274,3
2023-01-09,9.751362218699274,3
2023-01-10,9.751362218699274,3
2023-01-11,9.751362218699274,3
2023-01-12,9.751362218699274,3
2023-01-13,9.751362218699274,3
2023-01-14,9.751362218699274,3
2023-01-15,9.751362218699274,3
2023-01-16,9.751362218699274,3
2023-01-17,9.751362218699274,3
2023-01-18,9.751362218699274,3
2023-01-19,9.751362218699274,3
2023-01-20,9.751362218699274,3
2023-01-21,9.751362218699274,3
2023-01-22,9.751362218699274,3
2023-01-23,9.751362218699274,3
2023-01-24,9.751362218699274,3
2023-01-25,9.751362218699274,3
2023-01-26,9.751362218699274,3
2023-01-27,9.751362218699274,3
2023-01-28,9.751362218699274,3
2023-01-29,9.751362218699274,3
2023-01-30,9.751362218699274,3
2023-01-31,9.751362218699274,3
2023-02-01,9.751362218699274,3
2023-02-02,9.751362218699274,3
2023-02-03,9.751362218699274,3
2023-02-04,9.751362218699274,3
2023-02-05,9.751362218699274,3
2023-02-06,9.751362218699274,3
2023-02-07,9.751362218699274,3
2023-02-08,9.751362218699274,3
2023-02-09,9.751362218699274,3
2023-02-10,9.751362218699274,3
2023-02-11,9.751362218699274,3
2023-02-12,9.751362218699274,3
2023-02-13,9.751362218699274,3
2023-02-14,9.751362218699274,3
2023-02-15,9.751362218699274,3
2023-02-16,9.751362218699274,3
2023-02-17,9.751362218699274,3
2023-02-18,9.751362218699274,3
2023-02-19,9.751362218699274,3
2023-02-20,9.751362218699274,3
2023-02-21,9.751362218699274,3
2023-02-22,9.751362218699274,3
2023-02-23,9.751362218699274,3
2023-02-24,9.751362218699274,3
2023-02-25,9.751362218699274,3
2023-02-26,9.751362218699274,3
2023-02-27,9.751362218699274,3
2023-02-28,9.751362218699274,3
2023-03-01,9.751362218699274,3
2023-03-02,9.751362218699274,3
2023-03-03,9.751362218699274,3
2023-03-04,9.751362218699274,3
2023-03-05,9.751362218699274,3
2023-03-06,9.751362218699274,3
2023-03-07,9.751362218699274,3
2023-03-08,9.751362218699274,3
2023-03-09,9.751362218699274,3
2023-03-10,9.751362218699274,3
2023-03-11,9.751362218699274,3
2023-03-18,0.15000000000000002,3
2023-03-29,-2.9,3
2023-03-31,-2.75,3
2023-04-01,-1.6,3
2023-04-02,-2.5999999999999996,3
2023-04-05,-1.05,3
2023-04-06,1.3,3
2023-04-07,4.300000000000001,3
2023-04-08,5.199999999999999,3
2023-04-09,8.7,3
2023-04-10,7.65,3
2023-04-11,6.3,3
2023-04-12,2.9,3
2023-04-13,3.7,3
2023-04-14,3.1999999999999997,3
2023-04-15,5.9,3
2023-04-16,9.25,3
2023-04-17,5.4,3
2023-04-18,2.3499999999999996,3
2023-04-19,0.95,3
2023-04-20,2.45,3
2023-04-21,3.45,3
2023-04-22,4.4,3
2023-04-23,8.6,3
2023-04-24,6.35,3
2023-04-25,5.95,3
2023-04-26,4.5,3
2023-04-27,8.1,3
2023-04-28,10.95,3
2023-04-29,9.25,3
2023-04-30,12.7,3
2023-05-06,13.25,3
2023-05-09,12.9,3
2023-05-17,7.800000000000001,3
2023-05-18,13.7,3
2023-05-19,13.899999999999999,3
2023-05-23,9.149999999999999,3
2023-05-24,11.55,3
2023-05-25,12.8,3
2023-06-14,11.55,3
2023-06-15,10.9,3
2023-06-19,13.0,3
2023-06-20,10.1,3
2023-06-21,11.4,3
2024-01-01,9.751362218699274,3
2024-01-02,9.751362218699274,3
2024-01-03,9.751362218699274,3
2024-01-04,9.751362218699274,3
2024-01-05,9.751362218699274,3
2024-01-06,9.751362218699274,3
2024-01-07,9.751362218699274,3
2024-01-08,9.751362218699274,3
2024-01-09,9.751362218699274,3
2024-01-10,9.751362218699274,3
2024-01-11,9.751362218699274,3
2024-01-12,9.751362218699274,3
2024-01-13,9.751362218699274,3
2024-01-14,9.751362218699274,3
2024-01-15,9.751362218699274,3
2024-01-16,9.751362218699274,3
2024-01-17,9.751362218699274,3
2024-01-18,9.751362218699274,3
2024-01-19,9.751362218699274,3
2024-01-20,9.751362218699274,3
2024-01-21,9.751362218699274,3
2024-01-22,9.751362218699274,3
2024-01-23,9.751362218699274,3
2024-01-24,9.751362218699274,3
2024-01-25,9.751362218699274,3
2024-01-26,9.751362218699274,3
2024-01-27,9.751362218699274,3
2024-01-28,9.751362218699274,3
2024-01-29,9.751362218699274,3
2024-01-30,9.751362218699274,3
2024-01-31,9.751362218699274,3
2024-02-01,9.751362218699274,3
2024-02-02,9.751362218699274,3
2024-02-03,9.751362218699274,3
2024-02-04,9.751362218699274,3
2024-02-05,9.751362218699274,3
2024-02-06,9.751362218699274,3
2024-02-07,9.751362218699274,3
2024-02-08,9.751362218699274,3
2024-02-09,9.751362218699274,3
2024-02-10,9.751362218699274,3
2024-02-11,9.751362218699274,3
2024-02-12,9.751362218699274,3
2024-02-13,9.751362218699274,3
2024-02-14,9.751362218699274,3
2024-02-15,9.751362218699274,3
2024-02-16,9.751362218699274,3
2024-02-17,9.751362218699274,3
2024-02-18,9.751362218699274,3
2024-02-19,9.751362218699274,3
2024-02-20,9.751362218699274,3
2024-02-21,9.751362218699274,3
2024-02-22,9.751362218699274,3
2024-02-23,9.751362218699274,3
2024-02-24,9.751362218699274,3
2024-02-25,9.751362218699274,3
2024-02-26,9.751362218699274,3
2024-02-27,9.751362218699274,3
2024-02-28,9.751362218699274,3
2024-02-29,9.751362218699274,3
2024-03-01,9.751362218699274,3
2024-03-02,9.751362218699274,3
2024-03-03,9.751362218699274,3
2024-03-04,9.751362218699274,3
2024-03-05,9.751362218699274,3
2024-03-06,9.751362218699274,3
2024-03-07,9.751362218699274,3
2024-03-08,9.751362218699274,3
2024-03-09,9.751362218699274,3
2024-03-10,4.7,3
2024-03-11,-1.4,3
2024-03-14,4.0,3
2024-03-15,2.6,3
2024-03-17,0.7500000000000001,3
2024-03-18,-1.5499999999999998,3
2024-03-25,-2.45,3
2024-03-26,-1.9000000000000001,3
2024-03-31,2.1,3
2024-04-01,6.5,3
2024-04-02,7.65,3
2024-04-03,5.449999999999999,3
2024-04-04,-0.5,3
2024-04-05,-0.9500000000000001,3
2024-04-06,0.0,3
2024-04-07,5.8,3
2024-04-08,9.85,3
2024-04-09,8.399999999999999,3
2024-04-10,4.0,3
2024-04-11,7.85,3
2024-04-12,5.7,3
2024-04-13,5.6,3
2024-04-14,6.55,3
2024-04-15,3.6500000000000004,3
2024-04-16,-0.35,3
2024-04-17,-1.7000000000000002,3
2024-04-18,-1.7,3
2024-04-19,1.7000000000000002,3
2024-04-20,8.8,3
2024-04-21,11.1,3
2024-04-22,11.3,3
2024-04-23,10.25,3
2024-04-24,11.75,3
2024-04-25,9.2,3
2024-04-26,1.9,3
2024-04-27,7.050000000000001,3
2024-04-28,5.8,3
2024-04-29,6.15,3
2024-04-30,3.75,3
2024-05-01,7.95,3
2024-05-02,8.3,3
2024-05-03,5.4,3
2024-05-04,6.85,3
2024-05-05,11.7,3
2024-05-06,12.9,3
2024-05-07,9.7,3
2024-05-08,11.85,3
2024-05-11,13.55,3
2024-05-12,9.5,3
2024-05-15,11.8,3
2024-05-16,7.75,3
2024-05-17,6.5,3
2024-05-18,4.95,3
2024-05-19,6.8,3
2024-05-20,7.699999999999999,3
2024-05-21,8.649999999999999,3
2024-05-22,7.2,3
2024-05-23,8.15,3
2024-05-24,10.8,3
2024-05-25,13.3,3
2024-05-30,9.899999999999999,3
2024-05-31,8.3,3
2024-06-01,5.8,3
2024-06-02,7.75,3
2024-06-03,10.5,3
2024-06-04,10.4,3
2024-06-05,9.75,3
2024-06-06,10.100000000000001,3
2024-06-07,3.8,3
2024-06-08,6.3,3
2024-06-09,9.95,3
2024-06-10,10.25,3
2024-06-15,11.6,3
2024-06-16,9.95,3
2024-06-17,5.55,3
2024-06-18,8.8,3
